{
 "see_sign": -1,
 "profil_see": [
  [
   -16.0,
   -1.6000000000000227
  ],
  [
   -15.333333333333334,
   -1.0
  ],
  [
   -14.666666666666666,
   -1.0
  ],
  [
   -14.0,
   -1.0
  ],
  [
   -13.333333333333334,
   -0.9000000000000341
  ],
  [
   -12.666666666666666,
   -0.9000000000000341
  ],
  [
   -12.0,
   -0.9000000000000341
  ],
  [
   -11.333333333333332,
   -0.6000000000000227
  ],
  [
   -10.666666666666668,
   -1.0
  ],
  [
   -10.0,
   -1.0
  ],
  [
   -9.333333333333332,
   -1.0
  ],
  [
   -8.666666666666668,
   -0.6999999999999886
  ],
  [
   -8.0,
   -0.6999999999999886
  ],
  [
   -7.333333333333334,
   -0.6999999999999886
  ],
  [
   -6.666666666666666,
   -0.6999999999999886
  ],
  [
   -6.0,
   -0.6999999999999886
  ],
  [
   -5.333333333333334,
   -1.0
  ],
  [
   -4.666666666666666,
   -0.9000000000000341
  ],
  [
   -4.0,
   -0.9000000000000341
  ],
  [
   -3.333333333333334,
   -0.9000000000000341
  ],
  [
   -2.666666666666666,
   -0.6999999999999886
  ],
  [
   -2.0,
   -0.6999999999999886
  ],
  [
   -1.333333333333334,
   -0.6999999999999886
  ],
  [
   -0.6666666666666661,
   -0.6999999999999886
  ],
  [
   0.0,
   -1.0
  ],
  [
   0.6666666666666679,
   -1.0
  ],
  [
   1.3333333333333321,
   -1.0
  ],
  [
   2.0,
   -0.5
  ],
  [
   2.666666666666668,
   -0.5
  ],
  [
   3.333333333333332,
   -0.5
  ],
  [
   4.0,
   -0.19999999999998863
  ],
  [
   4.666666666666668,
   -0.19999999999998863
  ],
  [
   5.333333333333332,
   -1.0
  ],
  [
   6.0,
   -1.0
  ],
  [
   6.666666666666668,
   -1.0
  ],
  [
   7.333333333333332,
   -1.0
  ],
  [
   8.0,
   -1.0
  ],
  [
   8.666666666666668,
   -1.1000000000000227
  ],
  [
   9.333333333333332,
   -1.1000000000000227
  ],
  [
   10.0,
   -1.1000000000000227
  ],
  [
   10.666666666666668,
   -1.1999999999999886
  ],
  [
   11.333333333333332,
   -1.1999999999999886
  ],
  [
   12.0,
   -1.1999999999999886
  ],
  [
   12.666666666666668,
   -1.1999999999999886
  ],
  [
   13.333333333333332,
   -1.1999999999999886
  ],
  [
   14.0,
   -1.1999999999999886
  ],
  [
   14.666666666666668,
   -1.1999999999999886
  ],
  [
   15.333333333333332,
   -1.1999999999999886
  ],
  [
   16.0,
   -1.1999999999999886
  ]
 ],
 "profil_quer": [
  [
   -8.0,
   -1.1999999999999886
  ],
  [
   -7.6,
   -1.1999999999999886
  ],
  [
   -7.2,
   -1.1999999999999886
  ],
  [
   -6.8,
   -1.1999999999999886
  ],
  [
   -6.4,
   -1.1999999999999886
  ],
  [
   -6.0,
   -1.0
  ],
  [
   -5.6,
   -1.0
  ],
  [
   -5.2,
   -1.0
  ],
  [
   -4.8,
   -1.0
  ],
  [
   -4.4,
   -1.0
  ],
  [
   -4.0,
   -1.0
  ],
  [
   -3.5999999999999996,
   -0.30000000000001137
  ],
  [
   -3.2,
   -0.30000000000001137
  ],
  [
   -2.8,
   -0.30000000000001137
  ],
  [
   -2.4000000000000004,
   -0.30000000000001137
  ],
  [
   -2.0,
   -0.30000000000001137
  ],
  [
   -1.5999999999999996,
   0.0
  ],
  [
   -1.2000000000000002,
   0.0
  ],
  [
   -0.7999999999999998,
   0.0
  ],
  [
   -0.40000000000000036,
   0.0
  ],
  [
   0.0,
   0.5
  ],
  [
   0.40000000000000036,
   0.5
  ],
  [
   0.8000000000000007,
   0.8999999999999773
  ],
  [
   1.1999999999999993,
   0.8999999999999773
  ],
  [
   1.5999999999999996,
   0.8999999999999773
  ],
  [
   2.0,
   0.8999999999999773
  ],
  [
   2.4000000000000004,
   0.8999999999999773
  ],
  [
   2.8000000000000007,
   1.1999999999999886
  ],
  [
   3.1999999999999993,
   1.1999999999999886
  ],
  [
   3.5999999999999996,
   1.1999999999999886
  ],
  [
   4.0,
   1.1999999999999886
  ],
  [
   4.4,
   1.1999999999999886
  ],
  [
   4.800000000000001,
   1.3000000000000114
  ],
  [
   5.199999999999999,
   1.3000000000000114
  ],
  [
   5.6,
   1.3000000000000114
  ],
  [
   6.0,
   1.3000000000000114
  ],
  [
   6.4,
   1.3000000000000114
  ],
  [
   6.800000000000001,
   1.3000000000000114
  ],
  [
   7.199999999999999,
   1.8000000000000114
  ],
  [
   7.6,
   1.8000000000000114
  ],
  [
   8.0,
   1.8000000000000114
  ]
 ]
}